Wvlgth,Global_tilted_irradiance,Beam_normal_+circumsolar,Global_tilted_irradiance,Beam_normal_+circumsolar,Global_tilted_irradiance,Beam_normal_+circumsolar,Global_tilted_irradiance,Beam_normal_+circumsolar,Global_tilted_irradiance,Beam_normal_+circumsolar,Global_tilted_irradiance,Beam_normal_+circumsolar,Global_tilted_irradiance,Beam_normal_+circumsolar,Global_tilted_irradiance,Beam_normal_+circumsolar,Global_tilted_irradiance,Beam_normal_+circumsolar
280,3.254E-020,2.445E-026,2.685E-019,1.022E-024,3.943E-019,2.649E-024,8.267E-019,9.79E-024,3.242E-020,7.383E-023,5.576E-020,1.029E-021,3.49E-019,2.474E-020,6.857E-018,1.577E-018,5.018E-016,2.68E-016
290,1.7E-009,5.66E-010,0.000000007,4.534E-009,9.56E-009,7.096E-009,1.556E-008,1.27E-008,0.000000032,2.77E-008,8.077E-008,7.308E-008,2.452E-007,2.289E-007,0.000001042,9.905E-007,0.000006186,0.000005951
300,0.0008109,0.0004153,0.002003,0.001619,0.002437,0.002051,0.003077,0.002733,0.003995,0.003659,0.005392,0.005044,0.007545,0.007161,0.01137,0.01094,0.01857,0.01807
310,0.05002,0.02427,0.09039,0.07108,0.1017,0.08358,0.1156,0.1011,0.1291,0.1172,0.144,0.1342,0.1606,0.1525,0.1814,0.1746,0.2076,0.2019
320,0.2243,0.1217,0.3783,0.308,0.4156,0.3506,0.4597,0.4087,0.4954,0.4547,0.5288,0.4965,0.5603,0.5348,0.5924,0.5722,0.6262,0.6101
330,0.4867,0.2743,0.7591,0.6243,0.8189,0.6949,0.8871,0.7914,0.9366,0.8615,0.9777,0.9194,1.012,0.9666,1.04,1.005,1.064,1.037
340,0.5287,0.3188,0.7945,0.6693,0.8486,0.7334,0.9108,0.8227,0.9551,0.8864,0.9953,0.9382,1.023,0.9795,1.046,1.013,1.064,1.039
350,0.5489,0.3516,0.7989,0.6878,0.8461,0.7439,0.9013,0.8237,0.94,0.8799,0.9711,0.9249,0.9956,0.9603,1.015,0.988,1.03,1.009
360,0.6348,0.4282,0.904,0.7931,0.9514,0.849,1.008,0.9305,1.047,0.9874,1.078,1.033,1.103,1.068,1.122,1.096,1.137,1.117
370,0.7811,0.5499,1.078,0.9609,1.127,1.018,1.186,1.105,1.228,1.165,1.261,1.213,1.286,1.25,1.306,1.279,1.322,1.301
380,0.649,0.4735,0.8781,0.7932,0.9132,0.8339,0.9574,0.8981,0.9878,0.9422,1.012,0.977,1.03,1.004,1.045,1.025,1.056,1.041
390,0.8083,0.6078,1.067,0.9746,1.104,1.017,1.152,1.087,1.185,1.135,1.211,1.173,1.231,1.202,1.246,1.225,1.258,1.242
400,1.114,0.8594,1.442,1.33,1.486,1.38,1.545,1.466,1.585,1.525,1.616,1.571,1.641,1.606,1.66,1.633,1.674,1.654
410,1.073,0.848,1.363,1.272,1.4,1.312,1.452,1.387,1.487,1.437,1.514,1.476,1.535,1.507,1.552,1.53,1.564,1.548
420,1.229,0.9892,1.536,1.443,1.572,1.482,1.625,1.558,1.661,1.61,1.689,1.65,1.711,1.681,1.727,1.705,1.74,1.723
430,0.9822,0.8042,1.21,1.144,1.235,1.17,1.273,1.225,1.299,1.263,1.319,1.292,1.335,1.314,1.347,1.331,1.356,1.344
440,1.336,1.111,1.626,1.546,1.655,1.576,1.702,1.644,1.734,1.69,1.759,1.725,1.778,1.753,1.793,1.774,1.804,1.79
450,1.576,1.327,1.896,1.811,1.925,1.84,1.976,1.913,2.01,1.962,2.037,2.001,2.057,2.03,2.073,2.053,2.085,2.07
460,1.572,1.341,1.872,1.796,1.898,1.82,1.944,1.887,1.975,1.932,2,1.967,2.019,1.994,2.034,2.015,2.045,2.031
470,1.535,1.322,1.814,1.747,1.836,1.766,1.877,1.826,1.906,1.867,1.927,1.898,1.944,1.922,1.958,1.941,1.968,1.956
480,1.616,1.406,1.898,1.834,1.919,1.851,1.96,1.91,1.988,1.95,2.01,1.982,2.027,2.006,2.041,2.025,2.052,2.04
490,1.626,1.425,1.886,1.827,1.902,1.84,1.939,1.894,1.965,1.93,1.985,1.959,2.001,1.981,2.014,1.999,2.024,2.013
500,1.532,1.351,1.761,1.712,1.774,1.721,1.807,1.768,1.83,1.8,1.848,1.825,1.862,1.845,1.874,1.861,1.885,1.875
510,1.527,1.354,1.745,1.7,1.756,1.706,1.786,1.75,1.808,1.78,1.825,1.804,1.839,1.823,1.851,1.839,1.861,1.852
520,1.503,1.339,1.701,1.661,1.71,1.665,1.738,1.705,1.758,1.733,1.774,1.755,1.787,1.773,1.798,1.788,1.809,1.801
530,1.557,1.394,1.754,1.716,1.763,1.72,1.791,1.759,1.811,1.787,1.827,1.809,1.842,1.828,1.855,1.844,1.867,1.859
540,1.469,1.32,1.644,1.611,1.651,1.613,1.675,1.647,1.693,1.672,1.708,1.692,1.721,1.709,1.733,1.724,1.745,1.738
550,1.548,1.396,1.723,1.691,1.728,1.691,1.753,1.725,1.771,1.75,1.786,1.771,1.8,1.788,1.813,1.804,1.826,1.819
560,1.471,1.332,1.628,1.6,1.633,1.6,1.655,1.631,1.672,1.653,1.686,1.673,1.7,1.689,1.713,1.705,1.726,1.72
570,1.438,1.307,1.607,1.581,1.612,1.582,1.635,1.612,1.652,1.635,1.667,1.654,1.681,1.671,1.695,1.687,1.71,1.704
580,1.464,1.335,1.623,1.599,1.628,1.599,1.65,1.628,1.667,1.65,1.681,1.669,1.695,1.686,1.709,1.702,1.723,1.718
590,1.344,1.229,1.534,1.513,1.538,1.512,1.557,1.538,1.571,1.557,1.584,1.573,1.596,1.588,1.608,1.602,1.621,1.617
600,1.423,1.304,1.555,1.536,1.557,1.532,1.574,1.556,1.589,1.575,1.602,1.591,1.614,1.607,1.628,1.622,1.643,1.638
610,1.428,1.311,1.543,1.525,1.544,1.52,1.56,1.543,1.574,1.561,1.586,1.576,1.597,1.59,1.61,1.604,1.623,1.619
620,1.423,1.307,1.534,1.517,1.535,1.512,1.55,1.534,1.562,1.55,1.574,1.564,1.584,1.577,1.595,1.589,1.606,1.602
630,1.338,1.232,1.468,1.452,1.473,1.452,1.492,1.476,1.505,1.494,1.517,1.508,1.528,1.521,1.538,1.533,1.549,1.545
640,1.389,1.279,1.485,1.47,1.484,1.464,1.497,1.483,1.508,1.496,1.516,1.508,1.524,1.518,1.533,1.528,1.541,1.538
650,1.337,1.233,1.441,1.428,1.44,1.422,1.452,1.439,1.461,1.451,1.469,1.461,1.476,1.47,1.483,1.478,1.49,1.487
660,1.337,1.234,1.421,1.409,1.42,1.402,1.431,1.418,1.439,1.429,1.446,1.438,1.452,1.446,1.458,1.454,1.464,1.461
670,1.369,1.265,1.442,1.43,1.439,1.422,1.45,1.437,1.457,1.448,1.464,1.456,1.469,1.464,1.474,1.47,1.48,1.477
680,1.35,1.249,1.417,1.406,1.415,1.398,1.424,1.412,1.431,1.422,1.437,1.43,1.442,1.436,1.446,1.442,1.451,1.448
690,1.132,1.05,1.294,1.284,1.315,1.3,1.345,1.334,1.365,1.356,1.38,1.374,1.393,1.388,1.403,1.399,1.411,1.409
700,1.248,1.157,1.368,1.359,1.369,1.353,1.378,1.366,1.383,1.375,1.388,1.382,1.392,1.387,1.395,1.392,1.399,1.396
710,1.288,1.195,1.365,1.356,1.364,1.349,1.371,1.361,1.377,1.369,1.381,1.375,1.385,1.38,1.388,1.384,1.391,1.388
720,0.9751,0.9082,1.305,1.297,1.32,1.306,1.332,1.322,1.338,1.33,1.342,1.336,1.345,1.341,1.348,1.345,1.35,1.348
730,1.099,1.025,1.292,1.284,1.296,1.283,1.305,1.295,1.309,1.302,1.313,1.308,1.316,1.312,1.318,1.315,1.321,1.318
740,1.2,1.12,1.266,1.259,1.264,1.252,1.27,1.261,1.275,1.268,1.278,1.273,1.28,1.277,1.283,1.28,1.285,1.282
750,1.205,1.127,1.249,1.242,1.247,1.235,1.253,1.244,1.257,1.25,1.26,1.255,1.262,1.258,1.264,1.261,1.266,1.264
760,0.2584,0.2455,0.6034,0.6006,0.7134,0.7071,0.8333,0.8278,0.9202,0.9156,0.9918,0.9881,1.05,1.047,1.095,1.093,1.131,1.13
770,1.129,1.06,1.18,1.174,1.18,1.169,1.187,1.179,1.192,1.186,1.196,1.191,1.198,1.195,1.201,1.198,1.203,1.201
780,1.118,1.051,1.155,1.149,1.152,1.142,1.157,1.149,1.16,1.154,1.162,1.158,1.164,1.161,1.166,1.164,1.168,1.166
790,1.061,1.001,1.146,1.141,1.146,1.136,1.151,1.144,1.154,1.149,1.157,1.152,1.158,1.155,1.16,1.158,1.161,1.159
800,1.052,0.9929,1.114,1.109,1.113,1.103,1.117,1.11,1.12,1.114,1.122,1.118,1.123,1.12,1.125,1.123,1.126,1.124
810,1.026,0.9703,1.089,1.085,1.088,1.079,1.092,1.085,1.095,1.09,1.097,1.093,1.098,1.095,1.1,1.097,1.101,1.099
820,0.8357,0.7921,1.034,1.03,1.045,1.036,1.052,1.045,1.055,1.05,1.057,1.053,1.058,1.056,1.06,1.058,1.061,1.059
830,0.899,0.8529,1.041,1.038,1.046,1.037,1.05,1.044,1.053,1.048,1.055,1.051,1.056,1.053,1.057,1.055,1.058,1.056
840,0.9853,0.9356,1.033,1.029,1.031,1.023,1.035,1.028,1.037,1.032,1.038,1.035,1.039,1.037,1.04,1.038,1.041,1.04
850,0.8946,0.8505,0.924,0.9209,0.9225,0.9151,0.9251,0.9197,0.9269,0.9229,0.9283,0.9253,0.9294,0.9272,0.9302,0.9286,0.9309,0.9297
860,0.9546,0.9087,0.9807,0.9777,0.979,0.9714,0.9817,0.976,0.9835,0.9793,0.9849,0.9818,0.986,0.9837,0.9868,0.9851,0.9876,0.9863
870,0.9563,0.9113,0.9818,0.9789,0.9801,0.9726,0.9827,0.9771,0.9844,0.9802,0.9857,0.9826,0.9867,0.9844,0.9874,0.9858,0.988,0.9868
880,0.9033,0.8618,0.9276,0.925,0.9261,0.9191,0.9284,0.9232,0.9299,0.9261,0.9311,0.9283,0.932,0.9299,0.9327,0.9311,0.9332,0.9321
890,0.8982,0.858,0.9315,0.929,0.9303,0.9234,0.9327,0.9276,0.9342,0.9304,0.9353,0.9325,0.9362,0.9341,0.9369,0.9354,0.9374,0.9363
900,0.7068,0.6764,0.8684,0.8662,0.878,0.8716,0.8832,0.8784,0.8851,0.8816,0.8863,0.8837,0.8871,0.8852,0.8878,0.8864,0.8883,0.8873
910,0.5992,0.5744,0.8518,0.8497,0.865,0.8588,0.8709,0.8662,0.8729,0.8694,0.874,0.8715,0.8748,0.8729,0.8754,0.874,0.8759,0.8748
920,0.7084,0.6791,0.8493,0.8473,0.8542,0.8482,0.8577,0.8532,0.8592,0.8559,0.8602,0.8577,0.8609,0.8591,0.8614,0.8601,0.8618,0.8609
930,0.4147,0.3989,0.809,0.8072,0.835,0.8291,0.8442,0.8398,0.8467,0.8435,0.8479,0.8455,0.8487,0.8469,0.8493,0.8479,0.8497,0.8487
940,0.4525,0.4354,0.7816,0.7799,0.8071,0.8015,0.8162,0.8121,0.8187,0.8156,0.8198,0.8176,0.8206,0.8189,0.8211,0.8199,0.8215,0.8206
950,0.1423,0.1375,0.664,0.6626,0.7655,0.7603,0.8011,0.7971,0.8089,0.8059,0.8112,0.809,0.8123,0.8106,0.813,0.8118,0.8136,0.8127
960,0.4041,0.3896,0.7521,0.7506,0.7765,0.7713,0.785,0.7811,0.7872,0.7843,0.7882,0.7861,0.7889,0.7873,0.7893,0.7882,0.7897,0.7888
970,0.6096,0.5872,0.7644,0.763,0.7709,0.7658,0.7743,0.7705,0.7756,0.7728,0.7763,0.7743,0.7769,0.7753,0.7773,0.7761,0.7776,0.7767
980,0.5791,0.5583,0.745,0.7436,0.7524,0.7474,0.7559,0.7522,0.7571,0.7544,0.7578,0.7558,0.7584,0.7569,0.7587,0.7576,0.759,0.7582
990,0.6987,0.6737,0.7361,0.7348,0.7359,0.7311,0.7373,0.7337,0.7381,0.7355,0.7387,0.7368,0.7392,0.7377,0.7395,0.7385,0.7398,0.739
1000,0.7059,0.681,0.7276,0.7264,0.7269,0.7223,0.7281,0.7246,0.7288,0.7263,0.7294,0.7275,0.7298,0.7285,0.7302,0.7291,0.7304,0.7297
1010,0.6904,0.6665,0.7156,0.7144,0.7151,0.7106,0.7163,0.713,0.7171,0.7146,0.7176,0.7158,0.718,0.7167,0.7183,0.7173,0.7186,0.7178
1020,0.678,0.655,0.6945,0.6934,0.6938,0.6895,0.6948,0.6917,0.6956,0.6932,0.6961,0.6943,0.6965,0.6952,0.6968,0.6958,0.697,0.6963
1030,0.6694,0.6471,0.6849,0.6839,0.6842,0.68,0.6853,0.6822,0.686,0.6837,0.6865,0.6848,0.6869,0.6857,0.6872,0.6863,0.6874,0.6867
1040,0.6496,0.6284,0.6653,0.6643,0.6648,0.6608,0.6659,0.6631,0.6667,0.6646,0.6673,0.6657,0.6677,0.6665,0.668,0.6671,0.6682,0.6676
1050,0.6361,0.6157,0.6541,0.6532,0.654,0.6502,0.6554,0.6526,0.6563,0.6543,0.657,0.6555,0.6575,0.6563,0.6578,0.657,0.6581,0.6574
1060,0.6111,0.5919,0.6328,0.632,0.6333,0.6298,0.6352,0.6325,0.6363,0.6343,0.637,0.6356,0.6376,0.6365,0.6379,0.6371,0.6382,0.6376
1070,0.5946,0.5763,0.6209,0.6201,0.6214,0.6179,0.6231,0.6206,0.6242,0.6223,0.6249,0.6235,0.6254,0.6243,0.6257,0.625,0.626,0.6254
1080,0.5835,0.5659,0.6186,0.6179,0.6191,0.6158,0.6205,0.618,0.6213,0.6195,0.6219,0.6205,0.6223,0.6213,0.6226,0.6218,0.6228,0.6222
1090,0.5473,0.5313,0.6043,0.6035,0.6059,0.6027,0.6074,0.605,0.6081,0.6064,0.6086,0.6073,0.609,0.608,0.6092,0.6085,0.6094,0.6089
1100,0.4689,0.4556,0.5838,0.5831,0.5884,0.5853,0.5906,0.5884,0.5914,0.5897,0.5919,0.5906,0.5922,0.5913,0.5924,0.5917,0.5926,0.5921
1110,0.4645,0.4516,0.5777,0.5771,0.5793,0.5764,0.5806,0.5784,0.5812,0.5796,0.5816,0.5804,0.5819,0.581,0.5821,0.5814,0.5822,0.5817
1120,0.1379,0.1345,0.4909,0.4903,0.5405,0.5378,0.5567,0.5547,0.5602,0.5586,0.5612,0.5601,0.5617,0.5608,0.562,0.5614,0.5622,0.5618
1130,0.06788,0.06637,0.4382,0.4378,0.5026,0.5002,0.5329,0.531,0.5422,0.5408,0.5453,0.5442,0.5466,0.5458,0.5474,0.5468,0.5481,0.5476
1140,0.2421,0.2361,0.4997,0.4992,0.5245,0.5219,0.5325,0.5306,0.5343,0.5329,0.535,0.5339,0.5353,0.5345,0.5356,0.535,0.5357,0.5353
1150,0.1173,0.1146,0.4667,0.4662,0.5152,0.5128,0.5304,0.5286,0.5336,0.5322,0.5345,0.5335,0.535,0.5342,0.5353,0.5347,0.5355,0.5351
1160,0.275,0.2684,0.4965,0.496,0.511,0.5087,0.5158,0.5141,0.517,0.5157,0.5175,0.5165,0.5178,0.517,0.518,0.5174,0.5181,0.5177
1170,0.4373,0.4264,0.511,0.5105,0.5133,0.5109,0.5146,0.5129,0.5151,0.5139,0.5155,0.5145,0.5157,0.515,0.5159,0.5153,0.516,0.5156
1180,0.4212,0.4109,0.5032,0.5028,0.5066,0.5044,0.5083,0.5066,0.5088,0.5076,0.5092,0.5083,0.5094,0.5087,0.5096,0.5091,0.5097,0.5093
1190,0.4455,0.4347,0.4946,0.4941,0.4957,0.4936,0.4968,0.4952,0.4972,0.4961,0.4975,0.4966,0.4977,0.4971,0.4979,0.4974,0.498,0.4976
1200,0.4286,0.4184,0.4848,0.4844,0.4863,0.4842,0.4874,0.4859,0.4879,0.4867,0.4881,0.4873,0.4883,0.4877,0.4885,0.488,0.4886,0.4883
1210,0.4244,0.4145,0.4672,0.4668,0.4683,0.4664,0.4695,0.4681,0.4701,0.469,0.4705,0.4697,0.4708,0.4702,0.471,0.4705,0.4711,0.4708
1220,0.4378,0.4277,0.4694,0.4691,0.4701,0.4682,0.4713,0.4699,0.472,0.4709,0.4724,0.4716,0.4728,0.4722,0.473,0.4726,0.4732,0.4729
1230,0.438,0.4281,0.4608,0.4605,0.4608,0.4589,0.4615,0.4601,0.4619,0.4609,0.4622,0.4614,0.4623,0.4618,0.4625,0.4621,0.4626,0.4623
1240,0.4428,0.4329,0.4509,0.4506,0.4503,0.4485,0.4509,0.4495,0.4512,0.4502,0.4515,0.4508,0.4517,0.4511,0.4518,0.4514,0.4519,0.4516
1250,0.4359,0.4264,0.4454,0.4451,0.4451,0.4433,0.4458,0.4445,0.4463,0.4454,0.4467,0.446,0.4469,0.4464,0.4471,0.4467,0.4472,0.4469
1260,0.4131,0.4042,0.4321,0.4318,0.4336,0.432,0.4359,0.4347,0.4373,0.4364,0.4384,0.4377,0.4391,0.4386,0.4397,0.4393,0.4401,0.4398
1270,0.3731,0.3653,0.4091,0.4088,0.4146,0.4131,0.4205,0.4193,0.4243,0.4234,0.4271,0.4264,0.4292,0.4287,0.4308,0.4304,0.4319,0.4317
1280,0.3972,0.389,0.4141,0.4138,0.4146,0.4131,0.416,0.4149,0.4169,0.416,0.4175,0.4169,0.418,0.4175,0.4183,0.418,0.4186,0.4183
1290,0.3993,0.3911,0.413,0.4127,0.4125,0.411,0.413,0.4119,0.4133,0.4125,0.4135,0.4129,0.4137,0.4132,0.4138,0.4135,0.4139,0.4137
1300,0.3429,0.3361,0.4088,0.4086,0.4115,0.4101,0.4128,0.4117,0.4132,0.4124,0.4135,0.4129,0.4136,0.4132,0.4137,0.4134,0.4138,0.4136
1310,0.2926,0.287,0.3957,0.3954,0.4008,0.3994,0.4028,0.4017,0.4033,0.4025,0.4036,0.403,0.4037,0.4033,0.4038,0.4035,0.4039,0.4037
1320,0.2532,0.2485,0.3797,0.3795,0.3919,0.3906,0.3961,0.395,0.3971,0.3963,0.3974,0.3969,0.3977,0.3972,0.3978,0.3975,0.3979,0.3977
1330,0.2271,0.223,0.3783,0.3781,0.3856,0.3843,0.3881,0.3871,0.3887,0.388,0.389,0.3884,0.3891,0.3887,0.3892,0.3889,0.3893,0.3891
1340,0.1692,0.1662,0.3516,0.3514,0.3735,0.3722,0.3805,0.3795,0.382,0.3813,0.3824,0.3819,0.3827,0.3823,0.3828,0.3825,0.3829,0.3827
1350,0.01601,0.0158,0.2557,0.2556,0.3334,0.3323,0.3648,0.3639,0.3715,0.3709,0.3732,0.3727,0.3738,0.3734,0.3742,0.3739,0.3745,0.3743
1360,0.000002175,0.000002166,0.1351,0.135,0.2632,0.2624,0.3342,0.3334,0.3547,0.3541,0.3608,0.3603,0.363,0.3626,0.3644,0.3641,0.3655,0.3653
1370,0.000000296,2.952E-007,0.1218,0.1217,0.2539,0.2531,0.327,0.3263,0.3475,0.3469,0.3534,0.3529,0.3555,0.3552,0.3569,0.3566,0.3579,0.3577
1380,0.0000821,0.00008156,0.1741,0.174,0.2808,0.28,0.3342,0.3334,0.3492,0.3486,0.3536,0.3532,0.3553,0.355,0.3563,0.3561,0.3572,0.357
1390,0.0004979,0.0004944,0.2106,0.2105,0.3044,0.3035,0.3412,0.3404,0.3489,0.3483,0.3508,0.3503,0.3514,0.3511,0.3519,0.3516,0.3522,0.352
1400,3.345E-009,3.341E-009,0.08147,0.08144,0.2155,0.2149,0.3006,0.2999,0.3254,0.3248,0.3325,0.3321,0.3351,0.3348,0.3367,0.3365,0.338,0.3378
1410,0.0004689,0.0004652,0.187,0.1869,0.2774,0.2766,0.3214,0.3207,0.3339,0.3334,0.3376,0.3372,0.3391,0.3387,0.34,0.3397,0.3407,0.3405
1420,0.008316,0.008223,0.2219,0.2218,0.2982,0.2973,0.3275,0.3268,0.3336,0.3331,0.3351,0.3347,0.3357,0.3354,0.336,0.3358,0.3362,0.3361
1430,0.06205,0.06119,0.2793,0.2792,0.3138,0.3128,0.325,0.3243,0.3273,0.3268,0.3279,0.3276,0.3282,0.3279,0.3284,0.3282,0.3285,0.3284
1440,0.03946,0.03894,0.2421,0.242,0.2788,0.278,0.2968,0.2962,0.3033,0.3029,0.3065,0.3061,0.3084,0.3081,0.3097,0.3095,0.3108,0.3106
1450,0.02731,0.02697,0.2393,0.2393,0.2837,0.2829,0.3054,0.3048,0.3123,0.3118,0.3146,0.3142,0.3155,0.3152,0.3161,0.3159,0.3166,0.3165
1460,0.08532,0.08411,0.2713,0.2712,0.303,0.3022,0.3132,0.3126,0.3153,0.3148,0.3159,0.3155,0.3161,0.3158,0.3163,0.3161,0.3164,0.3162
1470,0.04899,0.04837,0.2438,0.2437,0.2842,0.2834,0.3022,0.3015,0.3062,0.3057,0.3072,0.3068,0.3075,0.3073,0.3078,0.3076,0.3079,0.3078
1480,0.05987,0.05908,0.256,0.2559,0.2903,0.2895,0.3017,0.3011,0.3041,0.3036,0.3047,0.3044,0.305,0.3047,0.3052,0.305,0.3053,0.3052
1490,0.1736,0.1711,0.2837,0.2836,0.2948,0.294,0.2998,0.2992,0.3013,0.3008,0.3018,0.3015,0.302,0.3018,0.3022,0.302,0.3023,0.3022
1500,0.246,0.2424,0.2963,0.2962,0.298,0.2972,0.2988,0.2982,0.299,0.2986,0.2992,0.2988,0.2992,0.299,0.2993,0.2991,0.2994,0.2992
1510,0.2665,0.2625,0.2924,0.2923,0.2929,0.2921,0.2934,0.2928,0.2936,0.2931,0.2937,0.2934,0.2938,0.2935,0.2938,0.2936,0.2939,0.2937
1520,0.258,0.2543,0.2838,0.2837,0.2844,0.2836,0.2848,0.2843,0.285,0.2846,0.2851,0.2848,0.2852,0.2849,0.2852,0.2851,0.2853,0.2851
1530,0.257,0.2533,0.2729,0.2728,0.2727,0.272,0.273,0.2725,0.2731,0.2728,0.2733,0.273,0.2734,0.2732,0.2735,0.2733,0.2735,0.2734
1540,0.2621,0.2583,0.2675,0.2675,0.2675,0.2669,0.2681,0.2676,0.2685,0.2681,0.2687,0.2685,0.269,0.2687,0.2691,0.269,0.2692,0.2691
1550,0.2644,0.2607,0.2678,0.2677,0.2673,0.2667,0.2675,0.267,0.2676,0.2673,0.2677,0.2674,0.2678,0.2676,0.2678,0.2677,0.2679,0.2678
1560,0.263,0.2593,0.2663,0.2663,0.2659,0.2653,0.2661,0.2656,0.2662,0.2659,0.2663,0.266,0.2664,0.2662,0.2664,0.2663,0.2665,0.2664
1570,0.2396,0.2363,0.2525,0.2524,0.2543,0.2537,0.2565,0.256,0.2578,0.2575,0.2589,0.2587,0.2597,0.2595,0.2603,0.2602,0.2608,0.2607
1580,0.2376,0.2344,0.2513,0.2512,0.2531,0.2525,0.2552,0.2547,0.2565,0.2561,0.2574,0.2572,0.2581,0.2579,0.2586,0.2585,0.259,0.2589
1590,0.2346,0.2315,0.2378,0.2377,0.2374,0.2369,0.2376,0.2372,0.2377,0.2374,0.2378,0.2376,0.2379,0.2377,0.2379,0.2378,0.238,0.2379
1600,0.23,0.227,0.2403,0.2402,0.2416,0.241,0.2433,0.2429,0.2444,0.2441,0.2453,0.245,0.2459,0.2457,0.2464,0.2463,0.2468,0.2467
1610,0.2148,0.212,0.2257,0.2256,0.2272,0.2266,0.229,0.2286,0.2301,0.2298,0.231,0.2308,0.2317,0.2315,0.2322,0.2321,0.2326,0.2325
1620,0.2275,0.2246,0.2302,0.2301,0.2299,0.2294,0.2301,0.2297,0.2303,0.23,0.2304,0.2302,0.2305,0.2303,0.2306,0.2304,0.2306,0.2305
1630,0.2327,0.2297,0.2356,0.2356,0.2354,0.2349,0.2357,0.2353,0.2359,0.2356,0.236,0.2358,0.2361,0.236,0.2362,0.2361,0.2363,0.2362
1640,0.2074,0.2049,0.2164,0.2164,0.2173,0.2168,0.2185,0.2181,0.2192,0.2189,0.2197,0.2195,0.2201,0.22,0.2205,0.2203,0.2207,0.2206
1650,0.2172,0.2145,0.222,0.2219,0.222,0.2215,0.2225,0.2221,0.2228,0.2225,0.223,0.2228,0.2232,0.2231,0.2234,0.2232,0.2235,0.2234
1660,0.2207,0.218,0.2241,0.2241,0.224,0.2235,0.2242,0.2239,0.2244,0.2242,0.2246,0.2244,0.2247,0.2245,0.2247,0.2246,0.2248,0.2247
1670,0.2154,0.2129,0.2186,0.2186,0.2184,0.2179,0.2186,0.2183,0.2187,0.2185,0.2188,0.2187,0.2189,0.2188,0.219,0.2189,0.219,0.2189
1680,0.1954,0.1931,0.1988,0.1988,0.1986,0.1981,0.1987,0.1984,0.1988,0.1986,0.1989,0.1987,0.199,0.1988,0.199,0.1989,0.199,0.199
1690,0.2027,0.2003,0.2082,0.2082,0.2081,0.2076,0.2083,0.208,0.2085,0.2082,0.2086,0.2084,0.2087,0.2086,0.2088,0.2087,0.2088,0.2087
1700,0.1959,0.1937,0.2031,0.2031,0.2031,0.2027,0.2035,0.2032,0.2038,0.2035,0.2039,0.2038,0.2041,0.2039,0.2042,0.2041,0.2042,0.2042
1710,0.1843,0.1822,0.1963,0.1963,0.1968,0.1964,0.1973,0.197,0.1975,0.1973,0.1977,0.1975,0.1978,0.1977,0.1979,0.1979,0.198,0.1979
1720,0.1825,0.1805,0.1947,0.1947,0.195,0.1946,0.1954,0.1951,0.1956,0.1953,0.1957,0.1955,0.1958,0.1957,0.1958,0.1957,0.1959,0.1958
1730,0.17,0.1681,0.1891,0.1891,0.1898,0.1895,0.1904,0.1901,0.1906,0.1904,0.1908,0.1906,0.1909,0.1908,0.191,0.1909,0.191,0.191
1740,0.1614,0.1596,0.1829,0.1829,0.1838,0.1835,0.1843,0.1841,0.1845,0.1843,0.1846,0.1845,0.1847,0.1846,0.1848,0.1847,0.1848,0.1847
1750,0.1623,0.1605,0.1828,0.1827,0.1836,0.1832,0.184,0.1837,0.1841,0.1839,0.1842,0.1841,0.1843,0.1842,0.1843,0.1842,0.1843,0.1843
1760,0.1564,0.1547,0.1799,0.1798,0.1808,0.1805,0.1813,0.181,0.1814,0.1812,0.1815,0.1814,0.1816,0.1815,0.1816,0.1815,0.1816,0.1816
1770,0.1388,0.1373,0.176,0.1759,0.1772,0.1769,0.1778,0.1775,0.178,0.1778,0.1781,0.178,0.1782,0.1781,0.1782,0.1782,0.1783,0.1782
1780,0.09811,0.09713,0.1653,0.1653,0.1709,0.1705,0.1727,0.1725,0.1731,0.173,0.1733,0.1732,0.1734,0.1733,0.1734,0.1734,0.1735,0.1734
1790,0.08697,0.08612,0.1649,0.1649,0.1695,0.1692,0.1711,0.1708,0.1715,0.1713,0.1717,0.1716,0.1718,0.1718,0.1719,0.1719,0.172,0.172
1800,0.03152,0.03123,0.134,0.134,0.1578,0.1575,0.1657,0.1655,0.1673,0.1672,0.1677,0.1676,0.1679,0.1678,0.168,0.1679,0.1681,0.168
1810,0.009442,0.009368,0.1257,0.1256,0.1511,0.1508,0.1618,0.1616,0.1641,0.164,0.1647,0.1646,0.165,0.1649,0.1651,0.165,0.1652,0.1651
1820,0.0009564,0.0009512,0.08196,0.08195,0.1232,0.1229,0.1468,0.1466,0.1526,0.1524,0.154,0.1538,0.1544,0.1543,0.1547,0.1546,0.1549,0.1549
1830,0.00000524,0.000005225,0.06943,0.06942,0.1189,0.1187,0.1454,0.1452,0.1532,0.153,0.1555,0.1554,0.1564,0.1563,0.1569,0.1569,0.1574,0.1573
1840,6.376E-008,6.363E-008,0.03425,0.03424,0.08593,0.08578,0.1263,0.1261,0.1412,0.1411,0.1462,0.1461,0.1481,0.148,0.1494,0.1493,0.1504,0.1503
1850,0.000003022,0.000003016,0.05215,0.05214,0.102,0.1018,0.1383,0.1381,0.1481,0.1479,0.1505,0.1504,0.1514,0.1513,0.1518,0.1518,0.1522,0.1522
1860,0.00001127,0.00001124,0.06013,0.06012,0.1066,0.1064,0.1339,0.1337,0.1426,0.1425,0.1453,0.1452,0.1464,0.1463,0.147,0.147,0.1476,0.1475
1870,2.749E-010,2.747E-010,0.02392,0.02391,0.07621,0.07609,0.1185,0.1184,0.1332,0.1331,0.1378,0.1377,0.1395,0.1395,0.1406,0.1406,0.1415,0.1415
1880,0.00007564,0.00007535,0.07852,0.07851,0.1161,0.1159,0.1337,0.1335,0.1385,0.1384,0.14,0.1399,0.1406,0.1405,0.141,0.1409,0.1413,0.1412
1890,0.0002249,0.0002241,0.07511,0.0751,0.1122,0.112,0.1331,0.1329,0.1382,0.1381,0.1395,0.1394,0.1399,0.1398,0.1402,0.1401,0.1404,0.1403
1900,8.672E-007,8.652E-007,0.04375,0.04375,0.09131,0.09115,0.1213,0.1211,0.1309,0.1308,0.1339,0.1338,0.135,0.1349,0.1357,0.1356,0.1363,0.1362
1910,0.00002332,0.00002325,0.07202,0.07201,0.1113,0.1111,0.129,0.1288,0.1335,0.1334,0.1348,0.1347,0.1353,0.1352,0.1356,0.1355,0.1358,0.1358
1920,0.0004513,0.0004494,0.06894,0.06893,0.1036,0.1034,0.1255,0.1253,0.1311,0.131,0.1325,0.1324,0.133,0.1329,0.1333,0.1332,0.1335,0.1335
1930,0.0005504,0.0005477,0.07784,0.07783,0.1086,0.1084,0.1231,0.1229,0.1272,0.1271,0.1284,0.1283,0.1289,0.1288,0.1291,0.1291,0.1294,0.1293
1940,0.00323,0.003209,0.08877,0.08876,0.1145,0.1143,0.1238,0.1237,0.1258,0.1257,0.1264,0.1263,0.1266,0.1266,0.1268,0.1267,0.1269,0.1269
1950,0.01643,0.01631,0.0934,0.09339,0.1066,0.1065,0.1133,0.1131,0.1163,0.1162,0.1184,0.1183,0.1199,0.1199,0.1211,0.121,0.122,0.1219
1960,0.02161,0.02145,0.08801,0.088,0.1014,0.1013,0.1093,0.1091,0.1133,0.1132,0.1162,0.1161,0.1183,0.1183,0.12,0.12,0.1213,0.1212
1970,0.04803,0.04764,0.09959,0.09958,0.1067,0.1065,0.1114,0.1113,0.1142,0.1141,0.1162,0.1161,0.1178,0.1177,0.1189,0.1189,0.1198,0.1198
1980,0.07387,0.07323,0.1131,0.1131,0.1163,0.1161,0.1176,0.1175,0.1181,0.118,0.1184,0.1183,0.1186,0.1185,0.1187,0.1187,0.1188,0.1188
1990,0.0838,0.08308,0.1154,0.1154,0.117,0.1169,0.1177,0.1175,0.1179,0.1178,0.118,0.1179,0.1181,0.118,0.1181,0.1181,0.1182,0.1181
2000,0.03757,0.03726,0.07451,0.0745,0.08308,0.08296,0.09125,0.09115,0.0968,0.09672,0.1012,0.1011,0.1047,0.1046,0.1073,0.1073,0.1094,0.1094
2010,0.03919,0.03887,0.06992,0.06992,0.0785,0.07839,0.08715,0.08706,0.09318,0.09311,0.09801,0.09796,0.1018,0.1018,0.1048,0.1048,0.1071,0.1071
2020,0.04434,0.04398,0.07681,0.07681,0.08414,0.08403,0.09106,0.09097,0.09571,0.09564,0.09937,0.09931,0.1022,0.1022,0.1044,0.1044,0.1061,0.1061
2030,0.08366,0.08289,0.1017,0.1016,0.1036,0.1035,0.1052,0.1051,0.1062,0.1061,0.1069,0.1069,0.1075,0.1074,0.1079,0.1079,0.1082,0.1082
2040,0.08933,0.08851,0.102,0.102,0.1034,0.1033,0.1046,0.1045,0.1054,0.1053,0.1059,0.1059,0.1064,0.1063,0.1067,0.1067,0.1069,0.1069
2050,0.06785,0.06725,0.08724,0.08723,0.09135,0.09123,0.09532,0.09522,0.09794,0.09787,0.09997,0.09992,0.1015,0.1015,0.1027,0.1027,0.1036,0.1036
2060,0.06912,0.06851,0.08824,0.08824,0.09173,0.09161,0.09496,0.09486,0.09706,0.09698,0.09867,0.09861,0.0999,0.09986,0.1008,0.1008,0.1016,0.1015
2070,0.06612,0.06555,0.08527,0.08526,0.08897,0.08886,0.0925,0.09241,0.09483,0.09476,0.09663,0.09658,0.09801,0.09797,0.09907,0.09904,0.09988,0.09985
2080,0.08747,0.08668,0.0959,0.09589,0.09696,0.09683,0.09799,0.09789,0.09865,0.09857,0.09914,0.09909,0.09951,0.09947,0.0998,0.09977,0.1,0.09999
2090,0.08973,0.08892,0.09531,0.0953,0.09602,0.0959,0.09679,0.0967,0.09728,0.09721,0.09766,0.0976,0.09794,0.0979,0.09815,0.09812,0.09831,0.09829
2100,0.08676,0.08599,0.09602,0.09601,0.09649,0.09636,0.09684,0.09674,0.09701,0.09694,0.09714,0.09709,0.09723,0.09719,0.0973,0.09727,0.09736,0.09733
2110,0.09017,0.08937,0.09461,0.0946,0.09485,0.09473,0.09514,0.09504,0.09531,0.09524,0.09543,0.09538,0.09552,0.09549,0.09559,0.09556,0.09564,0.09562
2120,0.0876,0.08683,0.09301,0.093,0.0932,0.09308,0.09339,0.0933,0.09349,0.09343,0.09356,0.09351,0.09361,0.09358,0.09365,0.09362,0.09368,0.09366
2130,0.08964,0.08885,0.09254,0.09253,0.09256,0.09244,0.09266,0.09257,0.09271,0.09264,0.09274,0.09269,0.09276,0.09273,0.09278,0.09275,0.09279,0.09277
2140,0.0906,0.0898,0.0914,0.0914,0.0913,0.09118,0.09135,0.09126,0.09138,0.09131,0.0914,0.09135,0.09142,0.09138,0.09143,0.09141,0.09144,0.09142
2150,0.08448,0.08374,0.08948,0.08947,0.08962,0.08951,0.08979,0.08971,0.08988,0.08982,0.08995,0.0899,0.08999,0.08996,0.09003,0.09,0.09005,0.09003
2160,0.08356,0.08284,0.08719,0.08718,0.08729,0.08718,0.08746,0.08738,0.08756,0.0875,0.08763,0.08759,0.08768,0.08765,0.08772,0.0877,0.08775,0.08773
2170,0.08123,0.08054,0.08459,0.08458,0.08469,0.08459,0.08484,0.08476,0.08492,0.08486,0.08498,0.08493,0.08502,0.08499,0.08505,0.08502,0.08507,0.08505
2180,0.08157,0.08088,0.08439,0.08438,0.08447,0.08437,0.08462,0.08455,0.08471,0.08466,0.08478,0.08474,0.08483,0.0848,0.08486,0.08484,0.08489,0.08487
2190,0.07901,0.07835,0.08327,0.08327,0.08336,0.08326,0.08346,0.08339,0.08351,0.08346,0.08354,0.0835,0.08357,0.08354,0.08359,0.08356,0.0836,0.08358
2200,0.0704,0.06982,0.07915,0.07914,0.08005,0.07996,0.08083,0.08076,0.0813,0.08125,0.08164,0.0816,0.0819,0.08187,0.08209,0.08207,0.08223,0.08221
2210,0.07855,0.0779,0.08032,0.08031,0.08028,0.08018,0.08035,0.08028,0.0804,0.08035,0.08043,0.08039,0.08046,0.08043,0.08048,0.08046,0.08049,0.08048
2220,0.07697,0.07634,0.07888,0.07887,0.07899,0.0789,0.07921,0.07914,0.07935,0.07929,0.07945,0.07941,0.07952,0.0795,0.07958,0.07956,0.07962,0.07961
2230,0.07518,0.07457,0.07707,0.07707,0.07727,0.07718,0.07757,0.07751,0.07777,0.07772,0.07791,0.07787,0.07802,0.07799,0.07809,0.07807,0.07815,0.07814
2240,0.07272,0.07213,0.075,0.075,0.0753,0.07521,0.07567,0.07561,0.07591,0.07587,0.07609,0.07606,0.07623,0.0762,0.07633,0.07631,0.0764,0.07638
2250,0.07159,0.07102,0.07386,0.07386,0.07415,0.07407,0.07453,0.07447,0.07477,0.07472,0.07494,0.07491,0.07508,0.07505,0.07518,0.07516,0.07525,0.07524
2260,0.06654,0.06602,0.07085,0.07085,0.07157,0.07149,0.07232,0.07226,0.0728,0.07276,0.07316,0.07312,0.07342,0.0734,0.07362,0.0736,0.07377,0.07375
2270,0.06451,0.06401,0.06934,0.06934,0.0702,0.07012,0.07106,0.071,0.07161,0.07157,0.07203,0.072,0.07234,0.07231,0.07257,0.07255,0.07274,0.07272
2280,0.06598,0.06547,0.06914,0.06913,0.06962,0.06954,0.07015,0.07009,0.07049,0.07044,0.07074,0.07071,0.07093,0.0709,0.07107,0.07105,0.07117,0.07116
2290,0.06234,0.06187,0.06699,0.06698,0.0678,0.06773,0.06862,0.06857,0.06915,0.06911,0.06954,0.06951,0.06984,0.06981,0.07006,0.07004,0.07022,0.07021
2300,0.05799,0.05756,0.06432,0.06432,0.06542,0.06535,0.0665,0.06645,0.06719,0.06715,0.06771,0.06768,0.0681,0.06808,0.06839,0.06837,0.06861,0.06859
2310,0.06318,0.0627,0.06689,0.06689,0.0672,0.06713,0.06757,0.06752,0.0678,0.06776,0.06798,0.06795,0.06811,0.06808,0.0682,0.06818,0.06827,0.06826
2320,0.05089,0.05052,0.06087,0.06086,0.06229,0.06223,0.06358,0.06353,0.06439,0.06435,0.06499,0.06496,0.06544,0.06542,0.06578,0.06577,0.06603,0.06602
2330,0.05599,0.05558,0.06271,0.06271,0.06336,0.06329,0.06402,0.06397,0.06444,0.0644,0.06475,0.06473,0.06499,0.06497,0.06516,0.06514,0.06529,0.06528
2340,0.04524,0.04493,0.0598,0.0598,0.06118,0.06111,0.06229,0.06224,0.06297,0.06293,0.06347,0.06344,0.06384,0.06382,0.06412,0.0641,0.06432,0.06431
2350,0.04065,0.04037,0.05728,0.05728,0.05911,0.05905,0.06047,0.06042,0.06127,0.06123,0.06185,0.06183,0.06229,0.06227,0.06261,0.0626,0.06286,0.06285
2360,0.04942,0.04907,0.05866,0.05866,0.05959,0.05953,0.06043,0.06038,0.06096,0.06092,0.06135,0.06133,0.06165,0.06163,0.06187,0.06185,0.06203,0.06202
2370,0.03,0.0298,0.05156,0.05155,0.05425,0.0542,0.05639,0.05635,0.05771,0.05768,0.0587,0.05867,0.05944,0.05942,0.05999,0.05998,0.06041,0.0604
2380,0.04151,0.04122,0.05782,0.05782,0.05899,0.05893,0.05959,0.05955,0.05987,0.05984,0.06006,0.06004,0.0602,0.06018,0.0603,0.06029,0.06038,0.06037
2390,0.03569,0.03546,0.05522,0.05522,0.05695,0.0569,0.05779,0.05775,0.05817,0.05814,0.05841,0.05839,0.05859,0.05857,0.05872,0.05871,0.05882,0.05881
2400,0.04268,0.04239,0.05612,0.05612,0.05703,0.05697,0.05755,0.05751,0.05782,0.05778,0.058,0.05797,0.05813,0.05811,0.05823,0.05821,0.0583,0.05829
2410,0.0329,0.03269,0.05513,0.05513,0.05656,0.05651,0.05712,0.05708,0.05732,0.05729,0.05743,0.05741,0.05751,0.05749,0.05756,0.05755,0.05761,0.0576
2420,0.02582,0.02565,0.05098,0.05098,0.05443,0.05438,0.05562,0.05558,0.05591,0.05588,0.05602,0.056,0.05608,0.05607,0.05613,0.05611,0.05616,0.05615
2430,0.04341,0.04313,0.05518,0.05518,0.05537,0.05532,0.05552,0.05548,0.0556,0.05557,0.05566,0.05564,0.05571,0.05569,0.05574,0.05573,0.05577,0.05576
2440,0.04225,0.04198,0.05435,0.05434,0.05465,0.05459,0.0548,0.05477,0.05487,0.05485,0.05492,0.0549,0.05495,0.05494,0.05498,0.05497,0.05499,0.05499
2450,0.01333,0.01325,0.04567,0.04567,0.05099,0.05095,0.05273,0.05269,0.0531,0.05307,0.05321,0.05319,0.05327,0.05325,0.0533,0.05329,0.05333,0.05332
2460,0.03254,0.03234,0.05114,0.05113,0.05243,0.05238,0.0529,0.05287,0.05302,0.05299,0.05306,0.05304,0.05308,0.05307,0.0531,0.05309,0.05311,0.0531
2470,0.01638,0.01629,0.04308,0.04307,0.0488,0.04876,0.0513,0.05127,0.05186,0.05184,0.05201,0.05199,0.05206,0.05205,0.0521,0.05209,0.05212,0.05211
2480,0.007896,0.007855,0.04424,0.04424,0.04879,0.04875,0.05023,0.0502,0.05054,0.05051,0.05063,0.05061,0.05068,0.05067,0.05073,0.05072,0.05077,0.05077
2490,0.00344,0.003425,0.03887,0.03887,0.04654,0.0465,0.04963,0.04959,0.05029,0.05027,0.05047,0.05045,0.05054,0.05052,0.05059,0.05058,0.05063,0.05062
2500,0.006947,0.006913,0.0469,0.04689,0.04935,0.04931,0.05,0.04996,0.05013,0.05011,0.05018,0.05016,0.05021,0.05019,0.05023,0.05022,0.05025,0.05025
2510,0.002216,0.002206,0.03632,0.03632,0.04434,0.0443,0.04793,0.0479,0.04873,0.0487,0.04893,0.04891,0.049,0.04899,0.04905,0.04904,0.04908,0.04908
2520,0.0003799,0.0003787,0.03545,0.03545,0.04387,0.04383,0.04755,0.04751,0.04837,0.04834,0.04857,0.04856,0.04865,0.04863,0.04869,0.04868,0.04873,0.04872
2530,6.595E-007,6.587E-007,0.01971,0.01971,0.03459,0.03456,0.04433,0.0443,0.04689,0.04687,0.04753,0.04752,0.04775,0.04774,0.04788,0.04787,0.04797,0.04797
2540,3.889E-007,3.885E-007,0.02201,0.02201,0.03748,0.03745,0.04463,0.0446,0.0462,0.04618,0.04658,0.04657,0.04671,0.0467,0.04679,0.04678,0.04684,0.04684
2550,3.02E-013,3.02E-013,0.009631,0.009631,0.02615,0.02613,0.04009,0.04006,0.04426,0.04424,0.04534,0.04532,0.0457,0.04569,0.04591,0.0459,0.04607,0.04606
2560,3.288E-011,3.287E-011,0.007941,0.007941,0.02374,0.02372,0.03676,0.03674,0.04151,0.04149,0.04307,0.04305,0.04368,0.04367,0.04407,0.04406,0.04439,0.04438
2570,1.682E-018,1.682E-018,0.002647,0.002647,0.01713,0.01712,0.03374,0.03372,0.04006,0.04004,0.04206,0.04205,0.04283,0.04282,0.04332,0.04331,0.0437,0.04369
2580,4.322E-022,4.322E-022,0.002909,0.002909,0.01909,0.01907,0.03545,0.03543,0.04088,0.04087,0.04246,0.04245,0.04304,0.04303,0.04339,0.04338,0.04366,0.04366
2590,6.518E-031,6.518E-031,0.0008484,0.0008484,0.01284,0.01283,0.03137,0.03135,0.03854,0.03853,0.04074,0.04073,0.04157,0.04156,0.04209,0.04208,0.04249,0.04248
2600,5.251E-028,5.251E-028,0.001344,0.001344,0.01495,0.01494,0.0326,0.03258,0.03891,0.03889,0.04079,0.04078,0.04149,0.04148,0.04192,0.04192,0.04226,0.04225
2610,7.169E-034,7.169E-034,0.0004062,0.0004061,0.009621,0.009615,0.02815,0.02813,0.0363,0.03629,0.03891,0.0389,0.03989,0.03988,0.04051,0.0405,0.04099,0.04098
2620,6.537E-029,6.537E-029,0.0002344,0.0002344,0.006046,0.006042,0.02196,0.02195,0.03135,0.03133,0.03487,0.03486,0.0363,0.03629,0.03723,0.03723,0.03799,0.03799
2630,2.803E-045,2.803E-045,0.00008415,0.00008415,0.005877,0.005873,0.02403,0.02402,0.03331,0.0333,0.03634,0.03633,0.03748,0.03747,0.03818,0.03818,0.03874,0.03873
2640,1.28E-016,1.28E-016,0.006306,0.006306,0.02498,0.02496,0.03649,0.03647,0.03919,0.03917,0.03984,0.03983,0.04007,0.04006,0.0402,0.04019,0.04029,0.04029
2650,1.593E-019,1.593E-019,0.00614,0.00614,0.02502,0.025,0.03648,0.03645,0.03914,0.03913,0.0398,0.03978,0.04002,0.04001,0.04015,0.04015,0.04025,0.04025
2660,2.996E-025,2.996E-025,0.0005425,0.0005425,0.008446,0.008441,0.02395,0.02393,0.03165,0.03164,0.03448,0.03447,0.03569,0.03568,0.0365,0.03649,0.03714,0.03714
2670,0,0,3.427E-007,3.427E-007,0.0002448,0.0002447,0.003453,0.003452,0.008366,0.008363,0.01291,0.01291,0.017,0.01699,0.02078,0.02078,0.0242,0.0242
2680,0,0,1.936E-022,1.936E-022,6.845E-017,6.845E-017,1.53E-012,1.53E-012,6.333E-010,6.333E-010,5.336E-008,5.336E-008,0.000001479,0.000001479,0.00001813,0.00001813,0.0001203,0.0001203
2690,1.183E-029,1.183E-029,0.000003719,0.000003719,0.0001414,0.0001413,0.001029,0.001029,0.002744,0.002743,0.005341,0.00534,0.008697,0.008695,0.01254,0.01254,0.01654,0.01654
2700,0,0,4.609E-019,4.609E-019,1.958E-014,1.958E-014,7.803E-011,7.802E-011,1.165E-008,1.165E-008,4.726E-007,4.726E-007,0.000007625,0.000007624,0.00006218,0.00006217,0.0003033,0.0003033
2710,1.325E-035,1.325E-035,1.597E-009,1.597E-009,6.785E-007,6.784E-007,0.00003143,0.00003142,0.0002235,0.0002235,0.000818,0.0008179,0.002077,0.002077,0.004176,0.004175,0.007086,0.007085
2720,7.006E-045,7.006E-045,0.0000066,0.0000066,0.001009,0.001008,0.007212,0.007209,0.01348,0.01348,0.01801,0.018,0.0215,0.0215,0.02445,0.02445,0.02696,0.02696
2730,6.776E-019,6.776E-019,0.002545,0.002545,0.01246,0.01245,0.02175,0.02174,0.02598,0.02597,0.0285,0.02849,0.03032,0.03031,0.03173,0.03173,0.03284,0.03284
2740,2.73E-027,2.73E-027,0.0000228,0.0000228,0.001085,0.001085,0.006644,0.006641,0.0127,0.01269,0.01708,0.01708,0.02033,0.02033,0.02305,0.02304,0.02538,0.02538
2750,1.895E-028,1.895E-028,4.662E-007,4.662E-007,0.00002078,0.00002078,0.000219,0.0002189,0.0008046,0.0008044,0.00206,0.002059,0.004158,0.004157,0.00706,0.007059,0.01053,0.01053
2760,0,0,4.989E-017,4.989E-017,5.19E-013,5.19E-013,7.485E-010,7.485E-010,6.166E-008,6.166E-008,0.000001619,0.000001619,0.00001885,0.00001885,0.0001202,0.0001202,0.0004867,0.0004867
2770,9.501E-024,9.501E-024,0.00002677,0.00002677,0.0006551,0.0006548,0.003277,0.003276,0.006608,0.006606,0.01015,0.01015,0.01372,0.01371,0.01717,0.01717,0.02034,0.02034
2780,5.396E-034,5.396E-034,2.832E-012,2.832E-012,2.159E-009,2.159E-009,3.202E-007,3.202E-007,0.000006064,0.000006064,0.00005155,0.00005154,0.0002547,0.0002546,0.0008491,0.000849,0.002109,0.002108
2790,1.332E-016,1.332E-016,0.0000526,0.0000526,0.0005955,0.0005953,0.002473,0.002472,0.004991,0.00499,0.008071,0.00807,0.0115,0.01149,0.015,0.01499,0.01833,0.01833
2800,1.774E-012,1.774E-012,0.0005442,0.0005442,0.002865,0.002864,0.006942,0.006939,0.0106,0.0106,0.01414,0.01414,0.01747,0.01747,0.02048,0.02047,0.02309,0.02308
2810,4.283E-010,4.282E-010,0.002105,0.002105,0.005885,0.005882,0.01053,0.01053,0.0142,0.0142,0.01752,0.01751,0.02047,0.02046,0.02301,0.023,0.02513,0.02513
2820,2.208E-011,2.208E-011,0.001897,0.001897,0.008102,0.008098,0.01581,0.0158,0.02029,0.02028,0.02307,0.02307,0.02506,0.02505,0.02662,0.02662,0.02788,0.02787
2830,0.000004075,0.00000407,0.01139,0.01139,0.01864,0.01863,0.02365,0.02364,0.02595,0.02594,0.02741,0.02741,0.02849,0.02849,0.02932,0.02932,0.02997,0.02996
2840,2.065E-007,2.063E-007,0.007743,0.007743,0.01756,0.01755,0.02431,0.02429,0.02676,0.02675,0.02801,0.028,0.02885,0.02885,0.02948,0.02948,0.02996,0.02996
2850,0.000001217,0.000001215,0.009674,0.009674,0.01916,0.01915,0.02486,0.02484,0.02691,0.02691,0.02802,0.02801,0.02877,0.02876,0.02933,0.02933,0.02977,0.02976
2860,0.00002631,0.00002625,0.014,0.014,0.02159,0.02158,0.02559,0.02558,0.02717,0.02716,0.0281,0.0281,0.02877,0.02876,0.02926,0.02926,0.02964,0.02964
2870,0.00000656,0.000006549,0.01301,0.01301,0.02141,0.0214,0.02597,0.02596,0.02745,0.02745,0.02817,0.02816,0.02862,0.02862,0.02896,0.02895,0.02921,0.0292
2880,0.0002558,0.000255,0.01865,0.01865,0.02443,0.02441,0.02702,0.027,0.02795,0.02794,0.02848,0.02847,0.02884,0.02884,0.02911,0.02911,0.02931,0.02931
2890,0.0001928,0.0001922,0.01663,0.01663,0.02374,0.02372,0.02691,0.02689,0.02789,0.02788,0.02837,0.02836,0.02868,0.02867,0.0289,0.0289,0.02907,0.02907
2900,0.0008402,0.0008371,0.01693,0.01693,0.02416,0.02414,0.02749,0.02747,0.02833,0.02832,0.02862,0.02862,0.02878,0.02877,0.02889,0.02888,0.02896,0.02896
2910,0.002815,0.002803,0.02531,0.02531,0.02774,0.02772,0.02846,0.02845,0.02864,0.02863,0.0287,0.0287,0.02874,0.02874,0.02877,0.02877,0.02879,0.02879
2920,0.003003,0.00299,0.02253,0.02253,0.02653,0.02651,0.02796,0.02794,0.02826,0.02825,0.02834,0.02833,0.02837,0.02836,0.02839,0.02838,0.0284,0.0284
2930,0.006104,0.006076,0.02619,0.02619,0.02752,0.0275,0.0279,0.02789,0.02798,0.02797,0.02801,0.028,0.02802,0.02801,0.02802,0.02802,0.02803,0.02803
2940,0.001701,0.001695,0.02264,0.02264,0.02625,0.02624,0.02737,0.02736,0.02759,0.02758,0.02765,0.02764,0.02767,0.02766,0.02768,0.02768,0.02769,0.02769
2950,0.005461,0.005436,0.02356,0.02356,0.02609,0.02607,0.02701,0.02699,0.02721,0.0272,0.02726,0.02725,0.02729,0.02728,0.0273,0.0273,0.02731,0.02731
2960,0.004804,0.004781,0.02441,0.02441,0.02616,0.02615,0.02672,0.02671,0.02686,0.02685,0.02692,0.02691,0.02696,0.02695,0.02698,0.02698,0.027,0.027
2970,0.0003702,0.0003687,0.01562,0.01562,0.02279,0.02278,0.02563,0.02562,0.02626,0.02625,0.02644,0.02643,0.02652,0.02651,0.02657,0.02657,0.02661,0.02661
2980,0.001399,0.001393,0.01974,0.01974,0.02401,0.024,0.02558,0.02556,0.02595,0.02594,0.02609,0.02608,0.02616,0.02616,0.02621,0.02621,0.02625,0.02625
2990,0.01067,0.01061,0.0247,0.0247,0.02552,0.02551,0.0258,0.02579,0.02588,0.02588,0.02592,0.02592,0.02595,0.02595,0.02597,0.02597,0.02599,0.02598
3000,0.00811,0.008069,0.02314,0.02314,0.02485,0.02484,0.0254,0.02539,0.02552,0.02551,0.02556,0.02555,0.02557,0.02557,0.02558,0.02558,0.02559,0.02559
3010,0.007097,0.007061,0.02256,0.02256,0.02452,0.0245,0.02514,0.02513,0.02528,0.02527,0.02532,0.02532,0.02534,0.02534,0.02536,0.02536,0.02537,0.02537
3020,0.0006603,0.0006579,0.01578,0.01578,0.02155,0.02154,0.02415,0.02414,0.02472,0.02471,0.02487,0.02486,0.02492,0.02492,0.02496,0.02496,0.02498,0.02498
3030,0.006263,0.006232,0.02122,0.02122,0.02364,0.02363,0.02444,0.02443,0.0246,0.02459,0.02464,0.02464,0.02466,0.02466,0.02467,0.02467,0.02468,0.02468
3040,0.002072,0.002062,0.01837,0.01837,0.02155,0.02154,0.02306,0.02305,0.02352,0.02352,0.02367,0.02367,0.02373,0.02373,0.02377,0.02376,0.0238,0.02379
3050,0.001066,0.001062,0.01707,0.01707,0.02146,0.02145,0.02347,0.02346,0.02392,0.02391,0.02403,0.02402,0.02406,0.02406,0.02409,0.02408,0.0241,0.0241
3060,0.006442,0.00641,0.02148,0.02147,0.02316,0.02315,0.02368,0.02367,0.02378,0.02377,0.02381,0.0238,0.02382,0.02381,0.02382,0.02382,0.02383,0.02383
3070,0.001795,0.001788,0.01857,0.01857,0.02166,0.02165,0.02293,0.02292,0.02327,0.02326,0.02337,0.02336,0.0234,0.0234,0.02343,0.02342,0.02345,0.02344
3080,0.003716,0.003698,0.01759,0.01759,0.02139,0.02138,0.02281,0.0228,0.0231,0.02309,0.02317,0.02317,0.02319,0.02319,0.02321,0.02321,0.02322,0.02322
3090,0.002451,0.00244,0.01904,0.01904,0.02156,0.02155,0.02254,0.02253,0.02279,0.02278,0.02286,0.02286,0.02289,0.02289,0.02291,0.0229,0.02292,0.02292
3100,0.004532,0.004509,0.01947,0.01947,0.02174,0.02173,0.02245,0.02244,0.02259,0.02259,0.02263,0.02262,0.02264,0.02264,0.02265,0.02265,0.02266,0.02265
3110,0.0008775,0.000874,0.01555,0.01555,0.01986,0.01985,0.02177,0.02176,0.02219,0.02218,0.02229,0.02228,0.02233,0.02232,0.02235,0.02234,0.02236,0.02236
3120,0.01015,0.0101,0.02134,0.02134,0.02185,0.02184,0.022,0.02199,0.02204,0.02203,0.02205,0.02205,0.02206,0.02206,0.02207,0.02207,0.02207,0.02207
3130,0.005986,0.005954,0.01828,0.01828,0.02067,0.02066,0.0215,0.02149,0.02168,0.02167,0.02173,0.02173,0.02176,0.02175,0.02178,0.02177,0.0218,0.02179
3140,0.003456,0.003439,0.01728,0.01728,0.0202,0.02019,0.02119,0.02118,0.02141,0.0214,0.02148,0.02148,0.02152,0.02152,0.02155,0.02154,0.02157,0.02157
3150,0.006904,0.006868,0.01957,0.01957,0.02051,0.0205,0.02086,0.02086,0.02098,0.02098,0.02105,0.02105,0.0211,0.0211,0.02114,0.02113,0.02116,0.02116
3160,0.00954,0.00949,0.01944,0.01944,0.02016,0.02015,0.02052,0.02051,0.02068,0.02068,0.02079,0.02079,0.02088,0.02087,0.02094,0.02094,0.02099,0.02098
3170,0.01287,0.0128,0.02003,0.02003,0.02033,0.02032,0.02049,0.02049,0.02057,0.02057,0.02063,0.02063,0.02067,0.02067,0.0207,0.0207,0.02073,0.02073
3180,0.01093,0.01087,0.0189,0.01889,0.01992,0.01991,0.02031,0.0203,0.02042,0.02041,0.02046,0.02046,0.0205,0.02049,0.02052,0.02052,0.02054,0.02054
3190,0.004349,0.004327,0.01654,0.01654,0.01894,0.01893,0.01984,0.01983,0.02007,0.02007,0.02017,0.02017,0.02023,0.02023,0.02027,0.02027,0.0203,0.0203
3200,0.000449,0.0004473,0.01113,0.01113,0.01584,0.01583,0.01835,0.01834,0.01908,0.01908,0.01939,0.01939,0.01957,0.01957,0.0197,0.0197,0.0198,0.0198
3210,0.000139,0.0001385,0.01075,0.01075,0.01467,0.01466,0.017,0.01699,0.01798,0.01797,0.01851,0.0185,0.01885,0.01885,0.0191,0.0191,0.01929,0.01929
3220,0.001622,0.001615,0.01241,0.01241,0.01517,0.01516,0.01685,0.01684,0.01764,0.01763,0.01816,0.01816,0.01854,0.01854,0.01883,0.01883,0.01904,0.01904
3230,0.0003439,0.0003426,0.01033,0.01033,0.01381,0.0138,0.01609,0.01608,0.01714,0.01713,0.01773,0.01773,0.01813,0.01812,0.01842,0.01842,0.01865,0.01865
3240,0.003726,0.003708,0.01354,0.01354,0.01523,0.01523,0.01643,0.01642,0.01712,0.01711,0.01763,0.01762,0.01801,0.01801,0.0183,0.0183,0.01852,0.01852
3250,0.002592,0.002579,0.01236,0.01236,0.01491,0.01491,0.01637,0.01637,0.01708,0.01708,0.01757,0.01757,0.01793,0.01793,0.0182,0.0182,0.01841,0.01841
3260,0.001221,0.001215,0.01058,0.01058,0.01388,0.01387,0.01577,0.01576,0.01661,0.01661,0.01716,0.01716,0.01756,0.01755,0.01785,0.01785,0.01808,0.01808
3270,0.001217,0.001212,0.01044,0.01044,0.01356,0.01355,0.0153,0.01529,0.01606,0.01605,0.01656,0.01655,0.01693,0.01693,0.01724,0.01724,0.0175,0.0175
3280,0.002864,0.002849,0.01247,0.01247,0.01478,0.01477,0.01595,0.01595,0.01646,0.01646,0.0168,0.0168,0.01706,0.01706,0.01728,0.01728,0.01747,0.01747
3290,0.008694,0.008646,0.01545,0.01545,0.016,0.01599,0.01643,0.01643,0.01672,0.01671,0.01694,0.01694,0.01712,0.01712,0.01727,0.01727,0.01741,0.01741
3300,0.001769,0.00176,0.01032,0.01032,0.01391,0.0139,0.01567,0.01566,0.01622,0.01621,0.01649,0.01649,0.01668,0.01668,0.01684,0.01684,0.01698,0.01698
3310,0.003904,0.003884,0.01212,0.01212,0.01371,0.0137,0.01481,0.01481,0.01545,0.01545,0.01594,0.01593,0.01631,0.01631,0.01661,0.0166,0.01684,0.01684
3320,0.0000574,0.00005723,0.004729,0.004729,0.007847,0.007844,0.01036,0.01035,0.01189,0.01189,0.01307,0.01307,0.01401,0.01401,0.01475,0.01475,0.01534,0.01533
3330,0.004758,0.004732,0.01353,0.01353,0.01552,0.01552,0.01636,0.01636,0.01665,0.01664,0.0168,0.0168,0.01691,0.01691,0.01699,0.01699,0.01706,0.01706
3340,0.003557,0.003538,0.01446,0.01446,0.01612,0.01612,0.01669,0.01669,0.01684,0.01683,0.0169,0.01689,0.01693,0.01693,0.01696,0.01696,0.01698,0.01698
3350,0.008282,0.008236,0.01572,0.01572,0.01635,0.01635,0.0166,0.0166,0.01669,0.01669,0.01674,0.01674,0.01678,0.01677,0.0168,0.0168,0.01682,0.01682
3360,0.005419,0.005389,0.01406,0.01406,0.01539,0.01539,0.01598,0.01597,0.01621,0.0162,0.01635,0.01634,0.01644,0.01644,0.01651,0.01651,0.01657,0.01657
3370,0.003988,0.003968,0.0115,0.0115,0.01295,0.01295,0.01399,0.01399,0.01461,0.0146,0.01506,0.01506,0.01541,0.01541,0.01567,0.01567,0.01587,0.01587
3380,0.005171,0.005144,0.01151,0.01151,0.01263,0.01263,0.01363,0.01362,0.01428,0.01427,0.01478,0.01477,0.01516,0.01516,0.01545,0.01545,0.01567,0.01567
3390,0.01007,0.01001,0.01354,0.01354,0.01416,0.01415,0.01472,0.01471,0.01508,0.01508,0.01536,0.01535,0.01556,0.01556,0.01572,0.01572,0.01584,0.01584
3400,0.01277,0.0127,0.01502,0.01502,0.0152,0.0152,0.01536,0.01536,0.01546,0.01546,0.01554,0.01554,0.0156,0.01559,0.01564,0.01564,0.01567,0.01567
3410,0.007278,0.007237,0.01432,0.01432,0.01498,0.01497,0.01529,0.01528,0.01542,0.01542,0.01551,0.01551,0.01558,0.01557,0.01562,0.01562,0.01566,0.01566
3420,0.0135,0.01342,0.01502,0.01502,0.01516,0.01515,0.01528,0.01528,0.01536,0.01536,0.01542,0.01542,0.01547,0.01547,0.0155,0.0155,0.01553,0.01553
3430,0.008803,0.008753,0.01213,0.01213,0.01287,0.01286,0.01356,0.01356,0.01402,0.01402,0.01437,0.01436,0.01463,0.01463,0.01483,0.01483,0.01498,0.01498
3440,0.008169,0.008123,0.01206,0.01206,0.01281,0.0128,0.01349,0.01349,0.01393,0.01393,0.01427,0.01427,0.01453,0.01453,0.01473,0.01472,0.01487,0.01487
3450,0.01141,0.01134,0.01349,0.01349,0.01388,0.01387,0.01423,0.01423,0.01446,0.01445,0.01463,0.01462,0.01475,0.01475,0.01485,0.01485,0.01492,0.01492
3460,0.01282,0.01275,0.01458,0.01458,0.01471,0.0147,0.0148,0.01479,0.01484,0.01484,0.01488,0.01487,0.0149,0.0149,0.01492,0.01492,0.01493,0.01493
3470,0.01252,0.01245,0.0142,0.0142,0.01435,0.01434,0.01448,0.01447,0.01455,0.01455,0.01461,0.0146,0.01465,0.01465,0.01468,0.01468,0.0147,0.0147
3480,0.01143,0.01137,0.01338,0.01338,0.01368,0.01367,0.01395,0.01394,0.01412,0.01412,0.01425,0.01425,0.01435,0.01434,0.01442,0.01442,0.01447,0.01447
3490,0.01058,0.01052,0.0132,0.0132,0.01353,0.01353,0.01381,0.0138,0.01398,0.01397,0.0141,0.0141,0.0142,0.01419,0.01427,0.01426,0.01432,0.01432
3500,0.01214,0.01206,0.01378,0.01378,0.01392,0.01391,0.01403,0.01403,0.01411,0.0141,0.01416,0.01416,0.0142,0.0142,0.01423,0.01423,0.01425,0.01425
3510,0.01221,0.01213,0.01375,0.01375,0.01386,0.01385,0.01395,0.01394,0.014,0.014,0.01405,0.01404,0.01408,0.01408,0.0141,0.0141,0.01412,0.01412
3520,0.01234,0.01227,0.01376,0.01376,0.01382,0.01382,0.01388,0.01387,0.01391,0.0139,0.01393,0.01393,0.01395,0.01395,0.01396,0.01396,0.01397,0.01397
3530,0.01131,0.01124,0.01331,0.0133,0.01347,0.01347,0.01359,0.01359,0.01366,0.01366,0.01371,0.01371,0.01375,0.01375,0.01378,0.01378,0.0138,0.0138
3540,0.009099,0.009045,0.01234,0.01234,0.01272,0.01271,0.01301,0.013,0.01318,0.01318,0.01331,0.0133,0.0134,0.0134,0.01347,0.01347,0.01353,0.01353
3550,0.01065,0.01059,0.013,0.013,0.01319,0.01318,0.01331,0.01331,0.01338,0.01338,0.01343,0.01343,0.01346,0.01346,0.01349,0.01349,0.01351,0.01351
3560,0.01092,0.01085,0.01289,0.01289,0.01303,0.01303,0.01314,0.01314,0.0132,0.0132,0.01324,0.01324,0.01328,0.01327,0.0133,0.0133,0.01332,0.01332
3570,0.008436,0.008386,0.01241,0.01241,0.01271,0.0127,0.01286,0.01286,0.01294,0.01294,0.013,0.013,0.01304,0.01304,0.01308,0.01308,0.01311,0.01311
3580,0.0103,0.01023,0.01222,0.01222,0.01244,0.01243,0.0126,0.0126,0.0127,0.0127,0.01278,0.01278,0.01284,0.01284,0.01289,0.01289,0.01293,0.01293
3590,0.009564,0.009506,0.01234,0.01234,0.01254,0.01253,0.01266,0.01266,0.01273,0.01272,0.01277,0.01277,0.01281,0.01281,0.01284,0.01284,0.01287,0.01287
3600,0.01038,0.01032,0.01243,0.01243,0.01257,0.01256,0.01264,0.01264,0.01268,0.01268,0.01271,0.01271,0.01273,0.01273,0.01275,0.01275,0.01277,0.01276
3610,0.009573,0.009514,0.01211,0.01211,0.0123,0.01229,0.01241,0.01241,0.01248,0.01248,0.01253,0.01252,0.01256,0.01256,0.01259,0.01259,0.01262,0.01262
3620,0.01172,0.01165,0.01238,0.01238,0.01243,0.01242,0.01247,0.01246,0.01249,0.01249,0.01251,0.01251,0.01253,0.01253,0.01254,0.01254,0.01255,0.01255
3630,0.01003,0.009973,0.01208,0.01208,0.01221,0.01221,0.01229,0.01229,0.01233,0.01233,0.01236,0.01236,0.01238,0.01238,0.01239,0.01239,0.01241,0.01241
3640,0.01154,0.01146,0.01215,0.01215,0.01218,0.01218,0.01222,0.01222,0.01224,0.01224,0.01226,0.01226,0.01227,0.01227,0.01228,0.01228,0.01229,0.01229
3650,0.01012,0.01006,0.01171,0.01171,0.01184,0.01183,0.01193,0.01193,0.01199,0.01198,0.01203,0.01202,0.01206,0.01205,0.01208,0.01208,0.0121,0.01209
3660,0.01092,0.01085,0.01191,0.01191,0.01195,0.01194,0.01197,0.01197,0.01198,0.01198,0.01199,0.01199,0.012,0.012,0.012,0.012,0.012,0.012
3670,0.007911,0.007864,0.01145,0.01145,0.01168,0.01167,0.01178,0.01177,0.01181,0.01181,0.01184,0.01184,0.01186,0.01186,0.01187,0.01187,0.01188,0.01188
3680,0.008268,0.008218,0.01142,0.01142,0.01157,0.01157,0.01163,0.01162,0.01164,0.01164,0.01165,0.01165,0.01166,0.01166,0.01166,0.01166,0.01167,0.01167
3690,0.009693,0.009634,0.01132,0.01132,0.01142,0.01141,0.01149,0.01149,0.01154,0.01153,0.01157,0.01157,0.01159,0.01159,0.01161,0.01161,0.01163,0.01163
3700,0.0108,0.01073,0.01126,0.01126,0.01128,0.01127,0.0113,0.01129,0.01131,0.0113,0.01131,0.01131,0.01132,0.01132,0.01132,0.01132,0.01133,0.01133
3710,0.009306,0.00925,0.01096,0.01096,0.01108,0.01108,0.01116,0.01116,0.01121,0.0112,0.01124,0.01124,0.01126,0.01126,0.01128,0.01128,0.01129,0.01129
3720,0.01036,0.0103,0.01122,0.01122,0.01125,0.01125,0.01127,0.01127,0.01128,0.01128,0.01128,0.01128,0.01129,0.01129,0.01129,0.01129,0.01129,0.01129
3730,0.009246,0.00919,0.01092,0.01092,0.01103,0.01103,0.01109,0.01109,0.01112,0.01112,0.01114,0.01114,0.01116,0.01115,0.01117,0.01117,0.01117,0.01117
3740,0.008683,0.00863,0.01056,0.01056,0.01066,0.01065,0.0107,0.0107,0.01072,0.01072,0.01073,0.01073,0.01074,0.01074,0.01074,0.01074,0.01075,0.01075
3750,0.009211,0.009155,0.01062,0.01062,0.01071,0.01071,0.01076,0.01076,0.01078,0.01078,0.0108,0.01079,0.01081,0.01081,0.01082,0.01081,0.01082,0.01082
3760,0.008844,0.008791,0.01065,0.01065,0.01074,0.01073,0.01077,0.01077,0.01078,0.01078,0.01079,0.01079,0.0108,0.01079,0.0108,0.0108,0.0108,0.0108
3770,0.009111,0.009056,0.01057,0.01057,0.01065,0.01064,0.01068,0.01068,0.0107,0.0107,0.01071,0.01071,0.01072,0.01072,0.01072,0.01072,0.01073,0.01073
3780,0.00954,0.009481,0.01046,0.01046,0.01051,0.0105,0.01054,0.01054,0.01056,0.01055,0.01057,0.01057,0.01058,0.01057,0.01058,0.01058,0.01059,0.01058
3790,0.007721,0.007675,0.01019,0.01019,0.01034,0.01034,0.01041,0.0104,0.01043,0.01043,0.01045,0.01045,0.01046,0.01046,0.01047,0.01046,0.01047,0.01047
3800,0.009825,0.009764,0.01022,0.01022,0.01026,0.01026,0.0103,0.0103,0.01033,0.01033,0.01035,0.01034,0.01036,0.01036,0.01037,0.01037,0.01038,0.01038
3810,0.00821,0.008161,0.01008,0.01008,0.01018,0.01017,0.01023,0.01023,0.01025,0.01025,0.01026,0.01026,0.01027,0.01027,0.01028,0.01028,0.01028,0.01028
3820,0.009626,0.009567,0.01008,0.01008,0.01011,0.01011,0.01014,0.01014,0.01016,0.01016,0.01018,0.01018,0.01019,0.01019,0.0102,0.0102,0.0102,0.0102
3830,0.009574,0.009515,0.01005,0.01005,0.01007,0.01007,0.0101,0.01009,0.01011,0.01011,0.01012,0.01012,0.01012,0.01012,0.01013,0.01013,0.01013,0.01013
3840,0.008937,0.008882,0.009793,0.009793,0.009865,0.009861,0.009919,0.009917,0.00995,0.009948,0.009971,0.009969,0.009986,0.009985,0.009997,0.009996,0.01,0.01
3850,0.008793,0.00874,0.00962,0.00962,0.009711,0.009707,0.009787,0.009784,0.009831,0.009829,0.009863,0.009861,0.009886,0.009885,0.009903,0.009902,0.009915,0.009914
3860,0.00792,0.007873,0.00931,0.00931,0.009458,0.009455,0.009572,0.009569,0.009638,0.009636,0.009685,0.009683,0.009719,0.009718,0.009744,0.009743,0.009762,0.009762
3870,0.007272,0.007229,0.008706,0.008706,0.008955,0.008952,0.009177,0.009175,0.009316,0.009315,0.009419,0.009418,0.009495,0.009494,0.009551,0.00955,0.009592,0.009592
3880,0.00643,0.006393,0.008265,0.008264,0.008607,0.008604,0.008909,0.008906,0.009098,0.009096,0.009239,0.009237,0.009343,0.009342,0.00942,0.00942,0.009478,0.009477
3890,0.006743,0.006704,0.00833,0.00833,0.008626,0.008623,0.008892,0.00889,0.009059,0.009058,0.009183,0.009182,0.009275,0.009274,0.009343,0.009342,0.009393,0.009393
3900,0.007817,0.007771,0.008996,0.008996,0.009127,0.009124,0.009229,0.009226,0.009286,0.009284,0.009327,0.009325,0.009355,0.009354,0.009376,0.009375,0.009391,0.00939
3910,0.007015,0.006974,0.008345,0.008345,0.0086,0.008597,0.008829,0.008826,0.008971,0.008969,0.009075,0.009074,0.009152,0.009151,0.009208,0.009208,0.00925,0.009249
3920,0.006836,0.006796,0.008242,0.008242,0.008501,0.008498,0.008732,0.00873,0.008875,0.008873,0.00898,0.008978,0.009057,0.009056,0.009113,0.009112,0.009154,0.009154
3930,0.006943,0.006902,0.008243,0.008243,0.008483,0.00848,0.008696,0.008693,0.008826,0.008825,0.008921,0.00892,0.008991,0.00899,0.009042,0.009041,0.009079,0.009078
3940,0.007312,0.007269,0.008405,0.008405,0.008591,0.008588,0.008753,0.00875,0.00885,0.008848,0.008919,0.008918,0.008969,0.008968,0.009004,0.009004,0.00903,0.00903
3950,0.007529,0.007484,0.008488,0.008488,0.008625,0.008622,0.00874,0.008738,0.008806,0.008804,0.008851,0.00885,0.008882,0.008881,0.008904,0.008903,0.008919,0.008919
3960,0.00766,0.007614,0.008499,0.008499,0.008616,0.008613,0.008713,0.00871,0.008766,0.008764,0.008801,0.008799,0.008824,0.008823,0.00884,0.008839,0.008851,0.008851
3970,0.007622,0.007576,0.008487,0.008487,0.008598,0.008595,0.008686,0.008683,0.008732,0.00873,0.008762,0.008761,0.008781,0.00878,0.008793,0.008793,0.008801,0.008801
3980,0.007316,0.007273,0.008295,0.008295,0.008434,0.008431,0.008544,0.008542,0.008603,0.008602,0.008642,0.008641,0.008668,0.008667,0.008685,0.008684,0.008696,0.008696
3990,0.007245,0.007202,0.008222,0.008222,0.008352,0.008349,0.008452,0.00845,0.008504,0.008503,0.008537,0.008535,0.008557,0.008556,0.00857,0.008569,0.008578,0.008578
4000,0.006818,0.006778,0.007891,0.007891,0.008038,0.008035,0.008149,0.008147,0.008207,0.008206,0.008243,0.008242,0.008265,0.008265,0.00828,0.008279,0.008289,0.008288
